"branch_id","mu","Lambda","sorted_position","n_halfwaves_left","n_halfwaves_right","nearest_left_reference_family","nearest_right_reference_family","left_bending_energy_fraction","right_bending_energy_fraction","localization_ratio","arm_bias","left_tip_amplitude_fraction","right_tip_amplitude_fraction"
"bending_desc_01","0","4.6926813604978097","2","1","1","1","1","NA","NA","NA","NA","NA","NA"
"bending_desc_01","0.012500000000000001","4.6962232776483317","2","1","1","1","1","NA","NA","NA","NA","NA","NA"
"bending_desc_01","0.01375","4.6969641764732506","2","1","1","1","1","NA","NA","NA","NA","NA","NA"
"bending_desc_01","0.016250000000000001","4.6986538069722998","2","1","1","1","1","NA","NA","NA","NA","NA","NA"
"bending_desc_01","0.018749999999999999","4.7006184106967677","2","1","1","1","1","NA","NA","NA","NA","NA","NA"
"bending_desc_01","0.021250000000000002","4.7028551244237038","2","1","1","1","1","NA","NA","NA","NA","NA","NA"
"bending_desc_01","0.02375","4.7053606001694295","2","1","1","1","1","NA","NA","NA","NA","NA","NA"
"bending_desc_01","0.025000000000000001","4.7067130408071707","2","1","1","1","1","NA","NA","NA","NA","NA","NA"
"bending_desc_01","0.026249999999999999","4.7081312574938083","2","1","1","1","1","NA","NA","NA","NA","NA","NA"
"bending_desc_01","0.028750000000000001","4.7111632233071088","2","1","1","1","1","NA","NA","NA","NA","NA","NA"
"bending_desc_01","0.03125","4.7144522911950473","2","1","1","1","1","NA","NA","NA","NA","NA","NA"
"bending_desc_01","0.033750000000000002","4.7179941914982955","2","1","1","1","1","NA","NA","NA","NA","NA","NA"
"bending_desc_01","0.036249999999999998","4.721784201844514","2","1","1","1","1","NA","NA","NA","NA","NA","NA"
"bending_desc_01","0.037499999999999999","4.7237708018547426","2","1","1","1","1","NA","NA","NA","NA","NA","NA"
"bending_desc_01","0.03875","4.7258176663220546","2","1","1","1","1","NA","NA","NA","NA","NA","NA"
"bending_desc_01","0.041250000000000002","4.7300896191570585","2","1","1","1","1","NA","NA","NA","NA","NA","NA"
"bending_desc_01","0.043749999999999997","4.7345949929023909","2","1","1","1","1","NA","NA","NA","NA","NA","NA"
"bending_desc_01","0.046249999999999999","4.7393288075338491","2","1","1","1","1","NA","NA","NA","NA","NA","NA"
"bending_desc_01","0.048750000000000002","4.7442858723853893","2","1","2","1","1","NA","NA","NA","NA","NA","NA"
"bending_desc_01","0.050000000000000003","4.7468464320371924","2","1","2","1","1","NA","NA","NA","NA","NA","NA"
"bending_desc_01","0.051249999999999997","4.7494608725654972","2","1","2","1","1","NA","NA","NA","NA","NA","NA"
"bending_desc_01","0.053749999999999999","4.7548486009098312","2","1","2","1","1","NA","NA","NA","NA","NA","NA"
"bending_desc_01","0.056250000000000001","4.7604438566608884","2","1","2","1","1","NA","NA","NA","NA","NA","NA"
"bending_desc_01","0.058749999999999997","4.766241428113644","2","1","2","1","1","NA","NA","NA","NA","NA","NA"
"bending_desc_01","0.061249999999999999","4.772236130520942","2","1","2","1","1","NA","NA","NA","NA","NA","NA"
"bending_desc_01","0.0625","4.775305809289228","2","1","2","1","1","NA","NA","NA","NA","NA","NA"
"bending_desc_01","0.063750000000000001","4.7784228093484771","2","1","2","1","1","NA","NA","NA","NA","NA","NA"
"bending_desc_01","0.066250000000000003","4.784796444973372","2","1","2","1","1","NA","NA","NA","NA","NA","NA"
"bending_desc_01","0.068750000000000006","4.7913519591331868","2","1","2","1","1","NA","NA","NA","NA","NA","NA"
"bending_desc_01","0.071249999999999994","4.7980844381955752","2","1","2","1","1","NA","NA","NA","NA","NA","NA"
"bending_desc_01","0.073749999999999996","4.8049890859407229","2","1","2","1","1","NA","NA","NA","NA","NA","NA"
"bending_desc_01","0.074999999999999997","4.8085044529851189","2","1","2","1","1","NA","NA","NA","NA","NA","NA"
"bending_desc_01","0.087499999999999994","4.8458340906583208","2","1","2","1","1","NA","NA","NA","NA","NA","NA"
"bending_desc_01","0.088749999999999996","4.8497725614664464","2","1","2","1","1","NA","NA","NA","NA","NA","NA"
"bending_desc_01","0.091249999999999998","4.8577545779187243","2","1","2","1","1","NA","NA","NA","NA","NA","NA"
"bending_desc_01","0.09375","4.8658733915022454","2","1","2","1","1","NA","NA","NA","NA","NA","NA"
"bending_desc_01","0.096250000000000002","4.8741251235894731","2","1","2","1","1","NA","NA","NA","NA","NA","NA"
"bending_desc_01","0.098750000000000004","4.8825057337658251","2","1","2","1","1","NA","NA","NA","NA","NA","NA"
"bending_desc_01","0.10000000000000001","4.8867432751479134","2","1","2","1","1","NA","NA","NA","NA","NA","NA"
"bending_desc_01","0.10125000000000001","4.8910115475175457","2","1","2","1","1","NA","NA","NA","NA","NA","NA"
"bending_desc_01","0.10375","4.8996387911412134","2","1","2","1","1","NA","NA","NA","NA","NA","NA"
"bending_desc_01","0.10625","4.9083836958918745","2","1","2","1","1","NA","NA","NA","NA","NA","NA"
"bending_desc_01","0.10875","4.9172428581144469","2","1","2","1","1","NA","NA","NA","NA","NA","NA"
"bending_desc_01","0.11125","4.9262124542325481","2","1","2","1","1","NA","NA","NA","NA","NA","NA"
"bending_desc_01","0.1125","4.9307376839338177","2","1","2","1","1","NA","NA","NA","NA","NA","NA"
"bending_desc_01","0.11375","4.9352892393132173","2","1","2","1","1","NA","NA","NA","NA","NA","NA"
"bending_desc_01","0.11625000000000001","4.9444696864785298","2","1","2","1","2","NA","NA","NA","NA","NA","NA"
"bending_desc_01","0.11874999999999999","4.9537503699368512","2","1","2","1","2","NA","NA","NA","NA","NA","NA"
"bending_desc_01","0.12125","4.9631279206266452","2","1","2","1","2","NA","NA","NA","NA","NA","NA"
"bending_desc_01","0.12375","4.972598929291669","2","1","2","1","2","NA","NA","NA","NA","NA","NA"
"bending_desc_01","0.125","4.9773684396063844","2","1","2","1","2","NA","NA","NA","NA","NA","NA"
"bending_desc_01","0.12625","4.9821600909504946","2","1","2","1","2","NA","NA","NA","NA","NA","NA"
"bending_desc_01","0.12875","4.9918080900612667","2","1","2","1","2","NA","NA","NA","NA","NA","NA"
"bending_desc_01","0.13125000000000001","5.0015395094775066","2","1","2","1","2","NA","NA","NA","NA","NA","NA"
"bending_desc_01","0.13375000000000001","5.0113510970503334","2","1","2","1","2","NA","NA","NA","NA","NA","NA"
"bending_desc_01","0.13625000000000001","5.0212392540727544","2","1","2","1","2","NA","NA","NA","NA","NA","NA"
"bending_desc_01","0.13750000000000001","5.026211095633264","2","1","2","1","2","NA","NA","NA","NA","NA","NA"
"bending_desc_01","0.13875000000000001","5.0312008011652738","2","1","2","1","2","NA","NA","NA","NA","NA","NA"
"bending_desc_01","0.14124999999999999","5.0412320904582506","2","1","2","1","2","NA","NA","NA","NA","NA","NA"
"bending_desc_01","0.14374999999999999","5.0513295813831274","2","1","2","1","2","NA","NA","NA","NA","NA","NA"
"bending_desc_01","0.14624999999999999","5.0614897574346944","2","1","2","1","2","NA","NA","NA","NA","NA","NA"
"bending_desc_01","0.14874999999999999","5.0717088965948909","2","1","2","1","2","NA","NA","NA","NA","NA","NA"
"bending_desc_01","0.14999999999999999","5.0768393681495061","2","1","2","1","2","NA","NA","NA","NA","NA","NA"
"bending_desc_01","0.15125","5.0819831159611564","2","1","2","1","2","NA","NA","NA","NA","NA","NA"
"bending_desc_01","0.15375","5.0923086492732379","2","1","2","1","2","NA","NA","NA","NA","NA","NA"
"bending_desc_01","0.15625","5.1026813852870134","2","1","2","1","2","NA","NA","NA","NA","NA","NA"
"bending_desc_01","0.15875","5.1130970670710676","2","1","2","1","2","NA","NA","NA","NA","NA","NA"
"bending_desc_01","0.16125","5.1235515345571221","2","1","2","1","2","NA","NA","NA","NA","NA","NA"
"bending_desc_01","0.16250000000000001","5.1287918539638575","2","1","2","1","2","NA","NA","NA","NA","NA","NA"
"bending_desc_01","0.16375000000000001","5.1340400918944091","2","1","2","1","2","NA","NA","NA","NA","NA","NA"
"bending_desc_01","0.16625000000000001","5.1445582068019853","2","1","2","1","2","NA","NA","NA","NA","NA","NA"
"bending_desc_01","0.16875000000000001","5.1551007977295571","2","1","2","1","2","NA","NA","NA","NA","NA","NA"
"bending_desc_01","0.17125000000000001","5.1656626783498192","2","1","2","1","2","NA","NA","NA","NA","NA","NA"
"bending_desc_01","0.17374999999999999","5.1762385997558162","2","1","2","1","2","NA","NA","NA","NA","NA","NA"
"bending_desc_01","0.17499999999999999","5.1815299820478566","2","1","2","1","2","NA","NA","NA","NA","NA","NA"
"bending_desc_01","0.17624999999999999","5.1868227166867955","2","1","2","1","2","NA","NA","NA","NA","NA","NA"
"bending_desc_01","0.17874999999999999","5.1974090606994539","2","1","2","1","2","NA","NA","NA","NA","NA","NA"
"bending_desc_01","0.18124999999999999","5.2079913060351934","2","1","2","1","2","NA","NA","NA","NA","NA","NA"
"bending_desc_01","0.18375","5.2185626371713871","2","1","2","1","2","NA","NA","NA","NA","NA","NA"
"bending_desc_01","0.18625","5.229116169697428","2","1","2","1","2","NA","NA","NA","NA","NA","NA"
"bending_desc_01","0.1875","5.2343838843629715","2","1","2","1","2","NA","NA","NA","NA","NA","NA"
"bending_desc_01","0.18875","5.2396442042845237","2","1","2","1","2","NA","NA","NA","NA","NA","NA"
"bending_desc_01","0.19125","5.2501389239322096","2","1","2","1","2","NA","NA","NA","NA","NA","NA"
"bending_desc_01","0.19375000000000001","5.2605919344168584","2","1","2","1","2","NA","NA","NA","NA","NA","NA"
"bending_desc_01","0.19625000000000001","5.2709942247582582","2","1","2","1","2","NA","NA","NA","NA","NA","NA"
"bending_desc_01","0.19875000000000001","5.281336284548261","2","1","2","1","2","NA","NA","NA","NA","NA","NA"
"bending_desc_01","0.20000000000000001","5.2864817813856773","2","1","2","1","2","NA","NA","NA","NA","NA","NA"
"bending_desc_01","0.20125000000000001","5.2916083528319957","2","1","2","1","2","NA","NA","NA","NA","NA","NA"
"bending_desc_01","0.20374999999999999","5.3017995636159032","2","1","2","1","2","NA","NA","NA","NA","NA","NA"
"bending_desc_01","0.20624999999999999","5.3118988309411455","2","1","2","1","2","NA","NA","NA","NA","NA","NA"
"bending_desc_01","0.20874999999999999","5.3218941912112774","2","1","2","1","2","NA","NA","NA","NA","NA","NA"
"bending_desc_01","0.21124999999999999","5.3317732874861665","2","1","2","1","2","NA","NA","NA","NA","NA","NA"
"bending_desc_01","0.21249999999999999","5.3366650283269923","2","1","2","1","2","NA","NA","NA","NA","NA","NA"
"bending_desc_01","0.21375","5.3415227547889916","2","1","2","1","2","NA","NA","NA","NA","NA","NA"
"bending_desc_01","0.21625","5.3511287412257547","2","1","2","1","2","NA","NA","NA","NA","NA","NA"
"bending_desc_01","0.21875","5.3605767245803966","2","1","2","1","2","NA","NA","NA","NA","NA","NA"
"bending_desc_01","0.22125","5.3698513797436558","2","1","2","1","2","NA","NA","NA","NA","NA","NA"
"bending_desc_01","0.22375","5.3789367848944751","2","1","2","1","2","NA","NA","NA","NA","NA","NA"
"bending_desc_01","0.22500000000000001","5.3834034198309224","2","1","2","1","2","NA","NA","NA","NA","NA","NA"
"bending_desc_01","0.22625000000000001","5.3878165514540495","2","1","2","1","2","NA","NA","NA","NA","NA","NA"
"bending_desc_01","0.22875000000000001","5.3964733864428567","2","1","2","1","2","NA","NA","NA","NA","NA","NA"
"bending_desc_01","0.23125000000000001","5.4048898078302248","2","1","2","1","2","NA","NA","NA","NA","NA","NA"
"bending_desc_01","0.23375000000000001","5.4130478143638596","2","1","2","1","2","NA","NA","NA","NA","NA","NA"
"bending_desc_01","0.23624999999999999","5.4209291314269441","2","1","2","1","2","NA","NA","NA","NA","NA","NA"
"bending_desc_01","0.23749999999999999","5.4247602502498031","2","1","2","1","2","NA","NA","NA","NA","NA","NA"
"bending_desc_01","0.23874999999999999","5.4285152341925293","2","1","2","1","2","NA","NA","NA","NA","NA","NA"
"bending_desc_01","0.24124999999999999","5.4357876648477541","2","1","2","1","2","NA","NA","NA","NA","NA","NA"
"bending_desc_01","0.24374999999999999","5.4427282680732363","2","1","2","1","2","NA","NA","NA","NA","NA","NA"
"bending_desc_01","0.24625","5.4493190704062489","2","1","2","1","2","NA","NA","NA","NA","NA","NA"
"bending_desc_01","0.24875","5.4555427853945817","2","1","2","1","2","NA","NA","NA","NA","NA","NA"
"bending_desc_01","0.25","5.4585117618868697","2","1","2","1","2","NA","NA","NA","NA","NA","NA"
"bending_desc_01","0.25124999999999997","5.4613829916819059","2","1","2","1","2","NA","NA","NA","NA","NA","NA"
"bending_desc_01","0.25374999999999998","5.4668243071741491","2","1","2","1","2","NA","NA","NA","NA","NA","NA"
"bending_desc_01","0.25624999999999998","5.4718527950392648","2","1","2","1","2","NA","NA","NA","NA","NA","NA"
"bending_desc_01","0.25874999999999998","5.4764559176728982","2","1","2","1","2","NA","NA","NA","NA","NA","NA"
"bending_desc_01","0.26124999999999998","5.4806228003598525","2","1","2","1","2","NA","NA","NA","NA","NA","NA"
"bending_desc_01","0.26250000000000001","5.4825399969710045","2","1","2","1","2","NA","NA","NA","NA","NA","NA"
"bending_desc_01","0.26374999999999998","5.4843449535466036","2","1","2","1","2","NA","NA","NA","NA","NA","NA"
"bending_desc_01","0.26624999999999999","5.4876154692852506","2","1","2","1","2","NA","NA","NA","NA","NA","NA"
"bending_desc_01","0.26874999999999999","5.4904301195952874","2","1","2","1","2","NA","NA","NA","NA","NA","NA"
"bending_desc_01","0.27124999999999999","5.4927867779658062","2","1","2","1","2","NA","NA","NA","NA","NA","NA"
"bending_desc_01","0.27374999999999999","5.4946854440295505","2","1","2","1","2","NA","NA","NA","NA","NA","NA"
"bending_desc_01","0.27500000000000002","5.4954638869136465","2","1","2","1","2","NA","NA","NA","NA","NA","NA"
"bending_desc_01","0.27625","5.4961287679464235","2","1","2","1","2","NA","NA","NA","NA","NA","NA"
"bending_desc_01","0.27875","5.4971213774162129","2","1","2","1","2","NA","NA","NA","NA","NA","NA"
"bending_desc_01","0.28125","5.4976699851634168","2","1","2","1","2","NA","NA","NA","NA","NA","NA"
"bending_desc_01","0.28375","5.4977831379991509","2","1","2","1","2","NA","NA","NA","NA","NA","NA"
"bending_desc_01","0.28625","5.4974713989315225","2","1","2","1","2","NA","NA","NA","NA","NA","NA"
"bending_desc_01","0.28749999999999998","5.4971598365289882","2","1","2","1","2","NA","NA","NA","NA","NA","NA"
"bending_desc_01","0.28875000000000001","5.4967465367474908","2","1","2","1","2","NA","NA","NA","NA","NA","NA"
"bending_desc_01","0.29125000000000001","5.4956216429560003","2","1","2","1","2","NA","NA","NA","NA","NA","NA"
"bending_desc_01","0.29375000000000001","5.4941108331956334","2","1","2","1","2","NA","NA","NA","NA","NA","NA"
"bending_desc_01","0.29625000000000001","5.4922291317887639","2","1","2","1","2","NA","NA","NA","NA","NA","NA"
"bending_desc_01","0.29875000000000002","5.4899921979375135","2","1","2","1","2","NA","NA","NA","NA","NA","NA"
"bending_desc_01","0.29999999999999999","5.4887454905205892","2","1","2","1","2","NA","NA","NA","NA","NA","NA"
"bending_desc_01","0.30125000000000002","5.4874158156918007","2","1","2","1","2","NA","NA","NA","NA","NA","NA"
"bending_desc_01","0.30375000000000002","5.4845163568403477","2","1","2","1","2","NA","NA","NA","NA","NA","NA"
"bending_desc_01","0.30625000000000002","5.4813096217944421","2","1","2","1","2","NA","NA","NA","NA","NA","NA"
"bending_desc_01","0.30875000000000002","5.477811963137162","2","1","2","1","2","NA","NA","NA","NA","NA","NA"
"bending_desc_01","0.31125000000000003","5.474039089165287","2","1","2","1","2","NA","NA","NA","NA","NA","NA"
"bending_desc_01","0.3125","5.4720542713824241","2","1","2","1","2","NA","NA","NA","NA","NA","NA"
"bending_desc_01","0.31374999999999997","5.4700063461515613","2","1","2","1","2","NA","NA","NA","NA","NA","NA"
"bending_desc_01","0.31624999999999998","5.4657288941584925","2","1","2","1","2","NA","NA","NA","NA","NA","NA"
"bending_desc_01","0.31874999999999998","5.4612209576924808","2","1","2","1","2","NA","NA","NA","NA","NA","NA"
"bending_desc_01","0.32124999999999998","5.4564969246460251","2","1","2","1","2","NA","NA","NA","NA","NA","NA"
"bending_desc_01","0.32374999999999998","5.4515698738945906","2","1","2","1","2","NA","NA","NA","NA","NA","NA"
"bending_desc_01","0.32500000000000001","5.449034139036006","2","1","2","1","2","NA","NA","NA","NA","NA","NA"
"bending_desc_01","0.32624999999999998","5.4464526037805969","2","1","2","1","2","NA","NA","NA","NA","NA","NA"
"bending_desc_01","0.32874999999999999","5.4411574564906431","2","1","2","1","2","NA","NA","NA","NA","NA","NA"
"bending_desc_01","0.33124999999999999","5.4356960003486812","2","1","2","1","2","NA","NA","NA","NA","NA","NA"
"bending_desc_01","0.33374999999999999","5.4300790139216231","2","1","2","1","2","NA","NA","NA","NA","NA","NA"
"bending_desc_01","0.33624999999999999","5.4243170334671396","2","1","2","1","2","NA","NA","NA","NA","NA","NA"
"bending_desc_01","0.33750000000000002","5.4213847226120668","2","1","2","1","2","NA","NA","NA","NA","NA","NA"
"bending_desc_01","0.33875","5.4184196144571573","2","1","2","1","2","NA","NA","NA","NA","NA","NA"
"bending_desc_01","0.34125","5.4123963914618072","2","1","2","1","2","NA","NA","NA","NA","NA","NA"
"bending_desc_01","0.34375","5.4062557734314849","2","1","2","1","2","NA","NA","NA","NA","NA","NA"
"bending_desc_01","0.34625","5.4000059891772993","2","1","2","1","2","NA","NA","NA","NA","NA","NA"
"bending_desc_01","0.34875","5.3936546569266408","2","1","2","1","2","NA","NA","NA","NA","NA","NA"
"bending_desc_01","0.34999999999999998","5.3904432371797828","2","1","2","1","2","NA","NA","NA","NA","NA","NA"
"bending_desc_01","0.35125000000000001","5.387209269876327","2","1","2","1","2","NA","NA","NA","NA","NA","NA"
"bending_desc_01","0.35375000000000001","5.3806763438230698","2","1","2","1","2","NA","NA","NA","NA","NA","NA"
"bending_desc_01","0.35625000000000001","5.3740622613287998","2","1","2","1","2","NA","NA","NA","NA","NA","NA"
"bending_desc_01","0.35875000000000001","5.3673731727058538","2","1","2","1","2","NA","NA","NA","NA","NA","NA"
"bending_desc_01","0.36125000000000002","5.3606145418116116","2","1","2","1","2","NA","NA","NA","NA","NA","NA"
"bending_desc_01","0.36249999999999999","5.3572106657865071","2","1","2","1","2","NA","NA","NA","NA","NA","NA"
"bending_desc_01","0.375","5.3224179827429756","2","1","2","1","2","NA","NA","NA","NA","NA","NA"
"bending_desc_01","0.38750000000000001","5.2865969081179269","2","1","2","1","2","NA","NA","NA","NA","NA","NA"
"bending_desc_01","0.40000000000000002","5.2501340818108639","2","1","2","1","2","NA","NA","NA","NA","NA","NA"
"bending_desc_01","0.41249999999999998","5.2133133302693899","2","1","2","1","2","NA","NA","NA","NA","NA","NA"
"bending_desc_01","0.41375000000000001","5.2096203001822303","2","1","2","1","2","NA","NA","NA","NA","NA","NA"
"bending_desc_01","0.41625000000000001","5.2022303310811751","2","1","2","1","2","NA","NA","NA","NA","NA","NA"
"bending_desc_01","0.41875000000000001","5.1948365807699401","2","1","2","1","2","NA","NA","NA","NA","NA","NA"
"bending_desc_01","0.42125000000000001","5.1874404037513901","2","1","2","1","2","NA","NA","NA","NA","NA","NA"
"bending_desc_01","0.42375000000000002","5.1800430292470709","2","1","2","1","2","NA","NA","NA","NA","NA","NA"
"bending_desc_01","0.42499999999999999","5.1763442468970746","2","1","2","1","2","NA","NA","NA","NA","NA","NA"
"bending_desc_01","0.42625000000000002","5.1726454189623698","2","1","2","1","2","NA","NA","NA","NA","NA","NA"
"bending_desc_01","0.42875000000000002","5.1652489372369494","2","1","2","1","2","NA","NA","NA","NA","NA","NA"
"bending_desc_01","0.43125000000000002","5.1578544056140432","2","1","2","1","2","NA","NA","NA","NA","NA","NA"
"bending_desc_01","0.43375000000000002","5.150462595198956","2","1","2","1","2","NA","NA","NA","NA","NA","NA"
"bending_desc_01","0.43625000000000003","5.1430748340469883","2","1","2","1","2","NA","NA","NA","NA","NA","NA"
"bending_desc_01","0.4375","5.1393825323758628","2","1","2","1","2","NA","NA","NA","NA","NA","NA"
"bending_desc_01","0.43874999999999997","5.135691509799841","2","1","2","1","2","NA","NA","NA","NA","NA","NA"
"bending_desc_01","0.44124999999999998","5.1283138315668513","2","1","2","1","2","NA","NA","NA","NA","NA","NA"
"bending_desc_01","0.44374999999999998","5.1209423035821402","2","1","2","1","2","NA","NA","NA","NA","NA","NA"
"bending_desc_01","0.44624999999999998","5.1135776770574397","2","1","2","1","2","NA","NA","NA","NA","NA","NA"
"bending_desc_01","0.44874999999999998","5.1062208645157554","2","1","2","1","2","NA","NA","NA","NA","NA","NA"
"bending_desc_01","0.45000000000000001","5.1025454572962854","2","1","2","1","2","NA","NA","NA","NA","NA","NA"
"bending_desc_01","0.45124999999999998","5.0988722009240819","2","1","2","1","2","NA","NA","NA","NA","NA","NA"
"bending_desc_01","0.45374999999999999","5.0915322231384774","2","1","2","1","2","NA","NA","NA","NA","NA","NA"
"bending_desc_01","0.45624999999999999","5.0842017875800822","2","1","2","1","2","NA","NA","NA","NA","NA","NA"
"bending_desc_01","0.45874999999999999","5.076881551271744","2","1","2","1","2","NA","NA","NA","NA","NA","NA"
"bending_desc_01","0.46124999999999999","5.0695715489901483","2","1","2","1","2","NA","NA","NA","NA","NA","NA"
"bending_desc_01","0.46250000000000002","5.06592092054915","2","1","2","1","2","NA","NA","NA","NA","NA","NA"
"bending_desc_01","0.46375","5.0622728249835474","2","1","2","1","2","NA","NA","NA","NA","NA","NA"
"bending_desc_01","0.46625","5.0549849821077988","2","1","2","1","2","NA","NA","NA","NA","NA","NA"
"bending_desc_01","0.46875","5.0477094453686098","2","1","2","1","2","NA","NA","NA","NA","NA","NA"
"bending_desc_01","0.47125","5.0404465917190775","2","1","2","1","2","NA","NA","NA","NA","NA","NA"
"bending_desc_01","0.47375","5.0331956570477692","2","1","2","1","2","NA","NA","NA","NA","NA","NA"
"bending_desc_01","0.47499999999999998","5.0295751267123023","2","1","2","1","2","NA","NA","NA","NA","NA","NA"
"bending_desc_01","0.48749999999999999","4.9935590457662631","2","1","2","1","2","NA","NA","NA","NA","NA","NA"
"bending_desc_01","0.5","4.9579111428377249","2","1","2","1","2","NA","NA","NA","NA","NA","NA"
"bending_desc_01","0.51249999999999996","4.9226587400777841","2","1","2","1","2","NA","NA","NA","NA","NA","NA"
"bending_desc_01","0.52500000000000002","4.8878230929658173","2","1","2","1","2","NA","NA","NA","NA","NA","NA"
"bending_desc_01","0.53749999999999998","4.8534194001354241","2","1","2","1","2","NA","NA","NA","NA","NA","NA"
"bending_desc_01","0.55000000000000004","4.8194565901138908","2","1","2","1","2","NA","NA","NA","NA","NA","NA"
"bending_desc_01","0.5625","4.7859427914088517","2","1","2","1","2","NA","NA","NA","NA","NA","NA"
"bending_desc_01","0.57499999999999996","4.7528804821226309","2","1","2","1","2","NA","NA","NA","NA","NA","NA"
"bending_desc_01","0.58750000000000002","4.7202694624364252","2","1","2","1","2","NA","NA","NA","NA","NA","NA"
"bending_desc_01","0.59999999999999998","4.6881091836142907","2","1","2","1","2","NA","NA","NA","NA","NA","NA"
"bending_desc_01","0.61250000000000004","4.6563934681247519","2","1","2","1","2","NA","NA","NA","NA","NA","NA"
"bending_desc_01","0.625","4.6251192907898622","2","1","2","1","2","NA","NA","NA","NA","NA","NA"
"bending_desc_01","0.63749999999999996","4.5942800183846666","2","1","2","1","2","NA","NA","NA","NA","NA","NA"
"bending_desc_01","0.65000000000000002","4.5638635230837536","2","1","2","1","2","NA","NA","NA","NA","NA","NA"
"bending_desc_01","0.66249999999999998","4.5338629332275096","2","1","2","1","2","NA","NA","NA","NA","NA","NA"
"bending_desc_01","0.67500000000000004","4.5042669929601749","2","1","2","1","2","NA","NA","NA","NA","NA","NA"
"bending_desc_01","0.6875","4.4750575692296222","2","1","2","1","2","NA","NA","NA","NA","NA","NA"
"bending_desc_01","0.69999999999999996","4.446222175045504","2","1","2","1","2","NA","NA","NA","NA","NA","NA"
"bending_desc_01","0.71250000000000002","4.4177476819022026","2","1","2","1","2","NA","NA","NA","NA","NA","NA"
"bending_desc_01","0.72499999999999998","4.3896089209744025","2","1","2","1","2","NA","NA","NA","NA","NA","NA"
"bending_desc_01","0.73750000000000004","4.3617882525507703","2","1","2","1","2","NA","NA","NA","NA","NA","NA"
"bending_desc_01","0.75","4.3342493610121338","2","1","2","1","2","NA","NA","NA","NA","NA","NA"
"bending_desc_01","0.76249999999999996","4.3069782606526763","2","1","2","1","2","NA","NA","NA","NA","NA","NA"
"bending_desc_01","0.77500000000000002","4.2799296879133424","2","1","2","1","2","NA","NA","NA","NA","NA","NA"
"bending_desc_01","0.78749999999999998","4.2530782673459155","2","1","2","1","2","NA","NA","NA","NA","NA","NA"
"bending_desc_01","0.80000000000000004","4.226391226422396","2","1","2","1","2","NA","NA","NA","NA","NA","NA"
"bending_desc_01","0.8125","4.1998004863331406","2","1","2","1","2","NA","NA","NA","NA","NA","NA"
"bending_desc_01","0.82499999999999996","4.173317179595589","2","1","2","1","2","NA","NA","NA","NA","NA","NA"
"bending_desc_01","0.83750000000000002","4.1468552184020329","2","1","2","1","2","NA","NA","NA","NA","NA","NA"
"bending_desc_01","0.84999999999999998","4.1203870831058946","2","1","2","1","2","NA","NA","NA","NA","NA","NA"
"bending_desc_01","0.86250000000000004","4.0938583253297907","2","1","2","1","2","NA","NA","NA","NA","NA","NA"
"bending_desc_01","0.875","4.0674422096551073","2","1","2","1","2","NA","NA","NA","NA","NA","NA"
"bending_desc_01","0.88749999999999996","4.0413398968303662","2","1","2","1","2","NA","NA","NA","NA","NA","NA"
"bending_desc_01","0.90000000000000002","4.0162066953353008","2","1","2","1","2","NA","NA","NA","NA","NA","NA"
"bending_desc_02","0","3.9265992490424351","1","1","1","1","1","NA","NA","NA","NA","NA","NA"
"bending_desc_02","0.012500000000000001","3.9240962277470057","1","1","1","1","1","NA","NA","NA","NA","NA","NA"
"bending_desc_02","0.01375","3.9235734854193272","1","1","1","1","1","NA","NA","NA","NA","NA","NA"
"bending_desc_02","0.016250000000000001","3.9223824580114313","1","1","1","1","1","NA","NA","NA","NA","NA","NA"
"bending_desc_02","0.018749999999999999","3.9209993121218654","1","1","1","1","1","NA","NA","NA","NA","NA","NA"
"bending_desc_02","0.021250000000000002","3.9194270210335871","1","1","1","1","1","NA","NA","NA","NA","NA","NA"
"bending_desc_02","0.02375","3.9176687868753799","1","1","1","1","1","NA","NA","NA","NA","NA","NA"
"bending_desc_02","0.025000000000000001","3.9167210496681619","1","1","1","1","1","NA","NA","NA","NA","NA","NA"
"bending_desc_02","0.026249999999999999","3.9157281134678454","1","1","1","1","1","NA","NA","NA","NA","NA","NA"
"bending_desc_02","0.028750000000000001","3.9136089026314145","1","1","1","1","1","NA","NA","NA","NA","NA","NA"
"bending_desc_02","0.03125","3.9113151370270711","1","1","1","1","1","NA","NA","NA","NA","NA","NA"
"bending_desc_02","0.033750000000000002","3.9088511825836791","1","1","1","1","1","NA","NA","NA","NA","NA","NA"
"bending_desc_02","0.036249999999999998","3.9062214332240641","1","1","1","1","1","NA","NA","NA","NA","NA","NA"
"bending_desc_02","0.037499999999999999","3.904845786936308","1","1","1","1","1","NA","NA","NA","NA","NA","NA"
"bending_desc_02","0.03875","3.9034304500807813","1","1","1","1","1","NA","NA","NA","NA","NA","NA"
"bending_desc_02","0.041250000000000002","3.9004832367759534","1","1","1","1","1","NA","NA","NA","NA","NA","NA"
"bending_desc_02","0.043749999999999997","3.8973843839985363","1","1","1","1","1","NA","NA","NA","NA","NA","NA"
"bending_desc_02","0.046249999999999999","3.8941391121223559","1","1","1","1","1","NA","NA","NA","NA","NA","NA"
"bending_desc_02","0.048750000000000002","3.8907522990181818","1","1","1","1","1","NA","NA","NA","NA","NA","NA"
"bending_desc_02","0.050000000000000003","3.8890073224025805","1","1","1","1","1","NA","NA","NA","NA","NA","NA"
"bending_desc_02","0.051249999999999997","3.8872289256496764","1","1","1","1","1","NA","NA","NA","NA","NA","NA"
"bending_desc_02","0.053749999999999999","3.8835741737757674","1","1","1","1","1","NA","NA","NA","NA","NA","NA"
"bending_desc_02","0.056250000000000001","3.8797930173518798","1","1","1","1","1","NA","NA","NA","NA","NA","NA"
"bending_desc_02","0.058749999999999997","3.8758903051369176","1","1","1","1","1","NA","NA","NA","NA","NA","NA"
"bending_desc_02","0.061249999999999999","3.8718712054105393","1","1","1","1","1","NA","NA","NA","NA","NA","NA"
"bending_desc_02","0.0625","3.8698194904863077","1","1","1","1","1","NA","NA","NA","NA","NA","NA"
"bending_desc_02","0.063750000000000001","3.8677404354709153","1","1","1","1","1","NA","NA","NA","NA","NA","NA"
"bending_desc_02","0.066250000000000003","3.8635028418159441","1","1","1","1","1","NA","NA","NA","NA","NA","NA"
"bending_desc_02","0.068750000000000006","3.8591631354263232","1","1","1","1","1","NA","NA","NA","NA","NA","NA"
"bending_desc_02","0.071249999999999994","3.8547260769820393","1","1","1","1","1","NA","NA","NA","NA","NA","NA"
"bending_desc_02","0.073749999999999996","3.8501958571926842","1","1","1","1","1","NA","NA","NA","NA","NA","NA"
"bending_desc_02","0.074999999999999997","3.8478972659792032","1","1","1","1","1","NA","NA","NA","NA","NA","NA"
"bending_desc_02","0.087499999999999994","3.8238079276667407","1","1","1","1","1","NA","NA","NA","NA","NA","NA"
"bending_desc_02","0.088749999999999996","3.8212995382313881","1","1","1","1","1","NA","NA","NA","NA","NA","NA"
"bending_desc_02","0.091249999999999998","3.8162346306043853","1","1","1","1","1","NA","NA","NA","NA","NA","NA"
"bending_desc_02","0.09375","3.8111083113516595","1","1","1","1","1","NA","NA","NA","NA","NA","NA"
"bending_desc_02","0.096250000000000002","3.8059240709196898","1","1","1","1","1","NA","NA","NA","NA","NA","NA"
"bending_desc_02","0.098750000000000004","3.8006852392794417","1","1","1","1","1","NA","NA","NA","NA","NA","NA"
"bending_desc_02","0.10000000000000001","3.7980463520451742","1","1","1","1","1","NA","NA","NA","NA","NA","NA"
"bending_desc_02","0.10125000000000001","3.7953948747561834","1","1","1","1","1","NA","NA","NA","NA","NA","NA"
"bending_desc_02","0.10375","3.7900558523980896","1","1","1","1","1","NA","NA","NA","NA","NA","NA"
"bending_desc_02","0.10625","3.7846713243826375","1","1","1","1","1","NA","NA","NA","NA","NA","NA"
"bending_desc_02","0.10875","3.7792438830208459","1","1","1","1","1","NA","NA","NA","NA","NA","NA"
"bending_desc_02","0.11125","3.773776140024041","1","1","1","1","1","NA","NA","NA","NA","NA","NA"
"bending_desc_02","0.1125","3.7710281940119246","1","1","1","1","1","NA","NA","NA","NA","NA","NA"
"bending_desc_02","0.11375","3.7682710464324027","1","1","1","1","1","NA","NA","NA","NA","NA","NA"
"bending_desc_02","0.11625000000000001","3.7627306361758515","1","1","1","1","1","NA","NA","NA","NA","NA","NA"
"bending_desc_02","0.11874999999999999","3.7571572640597428","1","1","1","1","1","NA","NA","NA","NA","NA","NA"
"bending_desc_02","0.12125","3.7515535909392472","1","1","1","1","1","NA","NA","NA","NA","NA","NA"
"bending_desc_02","0.12375","3.7459213390660708","1","1","1","1","1","NA","NA","NA","NA","NA","NA"
"bending_desc_02","0.125","3.7430952117935408","1","1","1","1","1","NA","NA","NA","NA","NA","NA"
"bending_desc_02","0.12625","3.7402627881621666","1","1","1","1","1","NA","NA","NA","NA","NA","NA"
"bending_desc_02","0.12875","3.7345796514977465","1","1","1","1","1","NA","NA","NA","NA","NA","NA"
"bending_desc_02","0.13125000000000001","3.7288741858923675","1","1","1","1","1","NA","NA","NA","NA","NA","NA"
"bending_desc_02","0.13375000000000001","3.7231480003073325","1","1","1","1","1","NA","NA","NA","NA","NA","NA"
"bending_desc_02","0.13625000000000001","3.7174028132040426","1","1","1","1","1","NA","NA","NA","NA","NA","NA"
"bending_desc_02","0.13750000000000001","3.7145237444619035","1","1","1","1","1","NA","NA","NA","NA","NA","NA"
"bending_desc_02","0.13875000000000001","3.7116403233470758","1","1","1","1","1","NA","NA","NA","NA","NA","NA"
"bending_desc_02","0.14124999999999999","3.7058621841075157","1","1","1","1","1","NA","NA","NA","NA","NA","NA"
"bending_desc_02","0.14374999999999999","3.7000696119476366","1","1","1","1","1","NA","NA","NA","NA","NA","NA"
"bending_desc_02","0.14624999999999999","3.6942642409796109","1","1","1","1","1","NA","NA","NA","NA","NA","NA"
"bending_desc_02","0.14874999999999999","3.6884473495399028","1","1","1","1","1","NA","NA","NA","NA","NA","NA"
"bending_desc_02","0.14999999999999999","3.6855351374615468","1","1","1","1","1","NA","NA","NA","NA","NA","NA"
"bending_desc_02","0.15125","3.6826203362441268","1","1","1","1","1","NA","NA","NA","NA","NA","NA"
"bending_desc_02","0.15375","3.6767845264581265","1","1","1","1","1","NA","NA","NA","NA","NA","NA"
"bending_desc_02","0.15625","3.6709411330322261","1","1","1","1","1","NA","NA","NA","NA","NA","NA"
"bending_desc_02","0.15875","3.665090918490685","1","1","1","1","1","NA","NA","NA","NA","NA","NA"
"bending_desc_02","0.16125","3.6592354651491359","1","1","1","1","1","NA","NA","NA","NA","NA","NA"
"bending_desc_02","0.16250000000000001","3.6563058971122757","1","1","1","1","1","NA","NA","NA","NA","NA","NA"
"bending_desc_02","0.16375000000000001","3.653375452730673","1","1","1","1","1","NA","NA","NA","NA","NA","NA"
"bending_desc_02","0.16625000000000001","3.647512104476839","1","1","1","1","1","NA","NA","NA","NA","NA","NA"
"bending_desc_02","0.16875000000000001","3.641646124515864","1","1","1","1","1","NA","NA","NA","NA","NA","NA"
"bending_desc_02","0.17125000000000001","3.635778835543455","1","1","1","1","1","NA","NA","NA","NA","NA","NA"
"bending_desc_02","0.17374999999999999","3.6299107217815245","1","1","1","1","1","NA","NA","NA","NA","NA","NA"
"bending_desc_02","0.17499999999999999","3.6269765146722599","1","1","1","1","1","NA","NA","NA","NA","NA","NA"
"bending_desc_02","0.17624999999999999","3.6240424906256701","1","1","1","1","1","NA","NA","NA","NA","NA","NA"
"bending_desc_02","0.17874999999999999","3.6181752780983447","1","1","1","1","1","NA","NA","NA","NA","NA","NA"
"bending_desc_02","0.18124999999999999","3.6123099365946918","1","1","1","1","1","NA","NA","NA","NA","NA","NA"
"bending_desc_02","0.18375","3.6064469192507911","1","1","1","1","1","NA","NA","NA","NA","NA","NA"
"bending_desc_02","0.18625","3.600586651444341","1","1","1","1","1","NA","NA","NA","NA","NA","NA"
"bending_desc_02","0.1875","3.5976579756021767","1","1","1","1","1","NA","NA","NA","NA","NA","NA"
"bending_desc_02","0.18875","3.594730317125439","1","1","1","1","1","NA","NA","NA","NA","NA","NA"
"bending_desc_02","0.19125","3.5888782626795432","1","1","1","1","1","NA","NA","NA","NA","NA","NA"
"bending_desc_02","0.19375000000000001","3.5830311965135624","1","1","1","1","1","NA","NA","NA","NA","NA","NA"
"bending_desc_02","0.19625000000000001","3.5771897221394795","1","1","1","1","1","NA","NA","NA","NA","NA","NA"
"bending_desc_02","0.19875000000000001","3.5713543183515388","1","1","1","1","1","NA","NA","NA","NA","NA","NA"
"bending_desc_02","0.20000000000000001","3.5684389096893296","1","1","1","1","1","NA","NA","NA","NA","NA","NA"
"bending_desc_02","0.20125000000000001","3.5655253476912594","1","1","1","1","1","NA","NA","NA","NA","NA","NA"
"bending_desc_02","0.20374999999999999","3.5597033763546384","1","1","1","1","1","NA","NA","NA","NA","NA","NA"
"bending_desc_02","0.20624999999999999","3.5538889191046565","1","1","1","1","1","NA","NA","NA","NA","NA","NA"
"bending_desc_02","0.20874999999999999","3.5480825186474538","1","1","1","1","1","NA","NA","NA","NA","NA","NA"
"bending_desc_02","0.21124999999999999","3.5422842181843013","1","1","1","1","1","NA","NA","NA","NA","NA","NA"
"bending_desc_02","0.21249999999999999","3.5393884748244808","1","1","1","1","1","NA","NA","NA","NA","NA","NA"
"bending_desc_02","0.21375","3.5364949622636463","1","1","1","1","1","NA","NA","NA","NA","NA","NA"
"bending_desc_02","0.21625","3.5307148357148965","1","1","1","1","1","NA","NA","NA","NA","NA","NA"
"bending_desc_02","0.21875","3.5249444900002094","1","1","1","1","1","NA","NA","NA","NA","NA","NA"
"bending_desc_02","0.22125","3.5191838613834383","1","1","1","1","1","NA","NA","NA","NA","NA","NA"
"bending_desc_02","0.22375","3.5134332208148145","1","1","1","1","1","NA","NA","NA","NA","NA","NA"
"bending_desc_02","0.22500000000000001","3.5105620552406682","1","1","1","1","1","NA","NA","NA","NA","NA","NA"
"bending_desc_02","0.22625000000000001","3.5076937182041164","1","1","1","1","1","NA","NA","NA","NA","NA","NA"
"bending_desc_02","0.22875000000000001","3.50196468754935","1","1","1","1","1","NA","NA","NA","NA","NA","NA"
"bending_desc_02","0.23125000000000001","3.4962467181304877","1","1","1","1","1","NA","NA","NA","NA","NA","NA"
"bending_desc_02","0.23375000000000001","3.4905404822929293","1","1","1","1","1","NA","NA","NA","NA","NA","NA"
"bending_desc_02","0.23624999999999999","3.4848458395292834","1","1","1","1","1","NA","NA","NA","NA","NA","NA"
"bending_desc_02","0.23749999999999999","3.4820030627014287","1","1","1","1","1","NA","NA","NA","NA","NA","NA"
"bending_desc_02","0.23874999999999999","3.4791630335919153","1","1","1","1","1","NA","NA","NA","NA","NA","NA"
"bending_desc_02","0.24124999999999999","3.4734923918475773","1","1","1","1","1","NA","NA","NA","NA","NA","NA"
"bending_desc_02","0.24374999999999999","3.4678342957616128","1","1","1","1","1","NA","NA","NA","NA","NA","NA"
"bending_desc_02","0.24625","3.4621888106656153","1","1","1","1","1","NA","NA","NA","NA","NA","NA"
"bending_desc_02","0.24875","3.4565562909163434","1","1","1","1","1","NA","NA","NA","NA","NA","NA"
"bending_desc_02","0.25","3.4537450063946245","1","1","1","1","1","NA","NA","NA","NA","NA","NA"
"bending_desc_02","0.25124999999999997","3.4509364790156853","1","1","1","1","1","NA","NA","NA","NA","NA","NA"
"bending_desc_02","0.25374999999999998","3.4453300228173669","1","1","1","1","1","NA","NA","NA","NA","NA","NA"
"bending_desc_02","0.25624999999999998","3.4397370023401566","1","1","1","1","1","NA","NA","NA","NA","NA","NA"
"bending_desc_02","0.25874999999999998","3.4341573678890138","1","1","1","1","1","NA","NA","NA","NA","NA","NA"
"bending_desc_02","0.26124999999999998","3.4285917378259851","1","1","1","1","1","NA","NA","NA","NA","NA","NA"
"bending_desc_02","0.26250000000000001","3.4258141882453907","1","1","1","1","1","NA","NA","NA","NA","NA","NA"
"bending_desc_02","0.26374999999999998","3.4230398487311668","1","1","1","1","1","NA","NA","NA","NA","NA","NA"
"bending_desc_02","0.26624999999999999","3.4175014369442525","1","1","1","1","1","NA","NA","NA","NA","NA","NA"
"bending_desc_02","0.26874999999999999","3.4119779428865122","1","1","1","1","1","NA","NA","NA","NA","NA","NA"
"bending_desc_02","0.27124999999999999","3.4064678740759788","1","1","1","1","1","NA","NA","NA","NA","NA","NA"
"bending_desc_02","0.27374999999999999","3.400972580337986","1","1","1","1","1","NA","NA","NA","NA","NA","NA"
"bending_desc_02","0.27500000000000002","3.3982305979575349","1","1","1","1","1","NA","NA","NA","NA","NA","NA"
"bending_desc_02","0.27625","3.3954918389440136","1","1","1","1","1","NA","NA","NA","NA","NA","NA"
"bending_desc_02","0.27875","3.3900257694129206","1","1","1","1","1","NA","NA","NA","NA","NA","NA"
"bending_desc_02","0.28125","3.3845740142640275","1","1","1","1","1","NA","NA","NA","NA","NA","NA"
"bending_desc_02","0.28375","3.3791367957014016","1","1","1","1","1","NA","NA","NA","NA","NA","NA"
"bending_desc_02","0.28625","3.3737148095980678","1","1","1","1","1","NA","NA","NA","NA","NA","NA"
"bending_desc_02","0.28749999999999998","3.371009555147606","1","1","1","1","1","NA","NA","NA","NA","NA","NA"
"bending_desc_02","0.28875000000000001","3.3683076355309272","1","1","1","1","1","NA","NA","NA","NA","NA","NA"
"bending_desc_02","0.29125000000000001","3.3629158656644877","1","1","1","1","1","NA","NA","NA","NA","NA","NA"
"bending_desc_02","0.29375000000000001","3.3575384168888487","1","1","1","1","1","NA","NA","NA","NA","NA","NA"
"bending_desc_02","0.29625000000000001","3.3521766017931429","1","1","1","1","1","NA","NA","NA","NA","NA","NA"
"bending_desc_02","0.29875000000000002","3.3468295566425725","1","1","1","1","1","NA","NA","NA","NA","NA","NA"
"bending_desc_02","0.29999999999999999","3.3441620214407313","1","1","1","1","1","NA","NA","NA","NA","NA","NA"
"bending_desc_02","0.30125000000000002","3.341498549374637","1","1","1","1","1","NA","NA","NA","NA","NA","NA"
"bending_desc_02","0.30375000000000002","3.3361818328605817","1","1","1","1","1","NA","NA","NA","NA","NA","NA"
"bending_desc_02","0.30625000000000002","3.3308807397328475","1","1","1","1","1","NA","NA","NA","NA","NA","NA"
"bending_desc_02","0.30875000000000002","3.3255957393424227","1","1","1","1","1","NA","NA","NA","NA","NA","NA"
"bending_desc_02","0.31125000000000003","3.3203253079056858","1","1","1","1","1","NA","NA","NA","NA","NA","NA"
"bending_desc_02","0.3125","3.3176958684815485","1","1","1","1","1","NA","NA","NA","NA","NA","NA"
"bending_desc_02","0.31374999999999997","3.3150705323447669","1","1","1","1","1","NA","NA","NA","NA","NA","NA"
"bending_desc_02","0.31624999999999998","3.3098316258211109","1","1","1","1","1","NA","NA","NA","NA","NA","NA"
"bending_desc_02","0.31874999999999998","3.304607841574752","1","1","1","1","1","NA","NA","NA","NA","NA","NA"
"bending_desc_02","0.32124999999999998","3.2993994119408159","1","1","1","1","1","NA","NA","NA","NA","NA","NA"
"bending_desc_02","0.32374999999999998","3.2942070077567407","1","1","1","1","1","NA","NA","NA","NA","NA","NA"
"bending_desc_02","0.32500000000000001","3.291616801813003","1","1","1","1","1","NA","NA","NA","NA","NA","NA"
"bending_desc_02","0.32624999999999998","3.2890296368206169","1","1","1","1","1","NA","NA","NA","NA","NA","NA"
"bending_desc_02","0.32874999999999999","3.2838686519730516","1","1","1","1","1","NA","NA","NA","NA","NA","NA"
"bending_desc_02","0.33124999999999999","3.2787228804290871","1","1","1","1","1","NA","NA","NA","NA","NA","NA"
"bending_desc_02","0.33374999999999999","3.2735927002214922","1","1","1","1","1","NA","NA","NA","NA","NA","NA"
"bending_desc_02","0.33624999999999999","3.2684777353254848","1","1","1","1","1","NA","NA","NA","NA","NA","NA"
"bending_desc_02","0.33750000000000002","3.2659265581132346","1","1","1","1","1","NA","NA","NA","NA","NA","NA"
"bending_desc_02","0.33875","3.2633791789930289","1","1","1","1","1","NA","NA","NA","NA","NA","NA"
"bending_desc_02","0.34125","3.2582955021872935","1","1","1","1","1","NA","NA","NA","NA","NA","NA"
"bending_desc_02","0.34375","3.2532277840227768","1","1","1","1","1","NA","NA","NA","NA","NA","NA"
"bending_desc_02","0.34625","3.2481753771644062","1","1","1","1","1","NA","NA","NA","NA","NA","NA"
"bending_desc_02","0.34875","3.2431393182914712","1","1","1","1","1","NA","NA","NA","NA","NA","NA"
"bending_desc_02","0.34999999999999998","3.2406266811754407","1","1","1","1","1","NA","NA","NA","NA","NA","NA"
"bending_desc_02","0.35125000000000001","3.2381179338164774","1","1","1","1","1","NA","NA","NA","NA","NA","NA"
"bending_desc_02","0.35375000000000001","3.2331130073151422","1","1","1","1","1","NA","NA","NA","NA","NA","NA"
"bending_desc_02","0.35625000000000001","3.2281229655006669","1","1","1","1","1","NA","NA","NA","NA","NA","NA"
"bending_desc_02","0.35875000000000001","3.2231490431545669","1","1","1","1","1","NA","NA","NA","NA","NA","NA"
"bending_desc_02","0.36125000000000002","3.2181903619163679","1","1","1","1","1","NA","NA","NA","NA","NA","NA"
"bending_desc_02","0.36249999999999999","3.2157169340714078","1","1","1","1","1","NA","NA","NA","NA","NA","NA"
"bending_desc_02","0.375","3.1911956172945932","1","1","1","1","1","NA","NA","NA","NA","NA","NA"
"bending_desc_02","0.38750000000000001","3.1670601695887788","1","1","1","1","1","NA","NA","NA","NA","NA","NA"
"bending_desc_02","0.40000000000000002","3.1433071557461165","1","1","1","1","1","NA","NA","NA","NA","NA","NA"
"bending_desc_02","0.41249999999999998","3.1199321836379585","1","1","1","1","1","NA","NA","NA","NA","NA","NA"
"bending_desc_02","0.41375000000000001","3.1176152222220122","1","1","1","1","1","NA","NA","NA","NA","NA","NA"
"bending_desc_02","0.41625000000000001","3.112993388172463","1","1","1","1","1","NA","NA","NA","NA","NA","NA"
"bending_desc_02","0.41875000000000001","3.1083855482539029","1","1","1","1","1","NA","NA","NA","NA","NA","NA"
"bending_desc_02","0.42125000000000001","3.1037920094470883","1","1","1","1","1","NA","NA","NA","NA","NA","NA"
"bending_desc_02","0.42375000000000002","3.0992145371016191","1","1","1","1","1","NA","NA","NA","NA","NA","NA"
"bending_desc_02","0.42499999999999999","3.0969305677214516","1","1","1","1","1","NA","NA","NA","NA","NA","NA"
"bending_desc_02","0.42625000000000002","3.0946509993418698","1","1","1","1","1","NA","NA","NA","NA","NA","NA"
"bending_desc_02","0.42875000000000002","3.0901020707566742","1","1","1","1","1","NA","NA","NA","NA","NA","NA"
"bending_desc_02","0.43125000000000002","3.0855683984396398","1","1","1","1","1","NA","NA","NA","NA","NA","NA"
"bending_desc_02","0.43375000000000002","3.0810483202501273","1","1","1","1","1","NA","NA","NA","NA","NA","NA"
"bending_desc_02","0.43625000000000003","3.076544352307014","1","1","1","1","1","NA","NA","NA","NA","NA","NA"
"bending_desc_02","0.4375","3.0742982629012405","1","1","1","1","1","NA","NA","NA","NA","NA","NA"
"bending_desc_02","0.43874999999999997","3.0720537651700148","1","1","1","1","1","NA","NA","NA","NA","NA","NA"
"bending_desc_02","0.44124999999999998","3.0675794948846042","1","1","1","1","1","NA","NA","NA","NA","NA","NA"
"bending_desc_02","0.44374999999999998","3.0631170266294849","1","1","1","1","1","NA","NA","NA","NA","NA","NA"
"bending_desc_02","0.44624999999999998","3.058671172635496","1","1","1","1","1","NA","NA","NA","NA","NA","NA"
"bending_desc_02","0.44874999999999998","3.0542381042385958","1","1","1","1","1","NA","NA","NA","NA","NA","NA"
"bending_desc_02","0.45000000000000001","3.0520263437317063","1","1","1","1","1","NA","NA","NA","NA","NA","NA"
"bending_desc_02","0.45124999999999998","3.0498196749146778","1","1","1","1","1","NA","NA","NA","NA","NA","NA"
"bending_desc_02","0.45374999999999999","3.0454161491295766","1","1","1","1","1","NA","NA","NA","NA","NA","NA"
"bending_desc_02","0.45624999999999999","3.0410252675563547","1","1","1","1","1","NA","NA","NA","NA","NA","NA"
"bending_desc_02","0.45874999999999999","3.0366500103249034","1","1","1","1","1","NA","NA","NA","NA","NA","NA"
"bending_desc_02","0.46124999999999999","3.0322876240723504","1","1","1","1","1","NA","NA","NA","NA","NA","NA"
"bending_desc_02","0.46250000000000002","3.0301118584372162","1","1","1","1","1","NA","NA","NA","NA","NA","NA"
"bending_desc_02","0.46375","3.0279405640504784","1","1","1","1","1","NA","NA","NA","NA","NA","NA"
"bending_desc_02","0.46625","3.0236061207362579","1","1","1","1","1","NA","NA","NA","NA","NA","NA"
"bending_desc_02","0.46875","3.0192874705461006","1","1","1","1","1","NA","NA","NA","NA","NA","NA"
"bending_desc_02","0.47125","3.0149814489402602","1","1","1","1","1","NA","NA","NA","NA","NA","NA"
"bending_desc_02","0.47375","3.0106902109092544","1","1","1","1","1","NA","NA","NA","NA","NA","NA"
"bending_desc_02","0.47499999999999998","3.0085498440537126","1","1","1","1","1","NA","NA","NA","NA","NA","NA"
"bending_desc_02","0.48749999999999999","2.9873303952624783","1","1","1","1","1","NA","NA","NA","NA","NA","NA"
"bending_desc_02","0.5","2.9664495673902174","1","1","1","1","1","NA","NA","NA","NA","NA","NA"
"bending_desc_02","0.51249999999999996","2.9458972463063109","1","1","1","1","1","NA","NA","NA","NA","NA","NA"
"bending_desc_02","0.52500000000000002","2.9256704325169518","1","1","1","1","1","NA","NA","NA","NA","NA","NA"
"bending_desc_02","0.53749999999999998","2.9057599407856514","1","1","1","1","1","NA","NA","NA","NA","NA","NA"
"bending_desc_02","0.55000000000000004","2.8861605107630073","1","1","1","1","1","NA","NA","NA","NA","NA","NA"
"bending_desc_02","0.5625","2.8668609677545511","1","1","1","1","1","NA","NA","NA","NA","NA","NA"
"bending_desc_02","0.57499999999999996","2.8478541910168365","1","1","1","1","1","NA","NA","NA","NA","NA","NA"
"bending_desc_02","0.58750000000000002","2.8291412924209589","1","1","1","1","1","NA","NA","NA","NA","NA","NA"
"bending_desc_02","0.59999999999999998","2.8107041328513542","1","1","1","1","1","NA","NA","NA","NA","NA","NA"
"bending_desc_02","0.61250000000000004","2.7925441616025473","1","1","1","1","1","NA","NA","NA","NA","NA","NA"
"bending_desc_02","0.625","2.7746398141600022","1","1","1","1","1","NA","NA","NA","NA","NA","NA"
"bending_desc_02","0.63749999999999996","2.7569892170863062","1","1","1","1","1","NA","NA","NA","NA","NA","NA"
"bending_desc_02","0.65000000000000002","2.7395944216214572","1","1","1","1","1","NA","NA","NA","NA","NA","NA"
"bending_desc_02","0.66249999999999998","2.7224291069504418","1","1","1","1","1","NA","NA","NA","NA","NA","NA"
"bending_desc_02","0.67500000000000004","2.7054964997529396","1","1","1","1","1","NA","NA","NA","NA","NA","NA"
"bending_desc_02","0.6875","2.6887642991301615","1","1","1","1","1","NA","NA","NA","NA","NA","NA"
"bending_desc_02","0.69999999999999996","2.6722497619391836","1","1","1","1","1","NA","NA","NA","NA","NA","NA"
"bending_desc_02","0.71250000000000002","2.655923085390004","1","1","1","1","1","NA","NA","NA","NA","NA","NA"
"bending_desc_02","0.72499999999999998","2.6397638488775597","1","1","1","1","1","NA","NA","NA","NA","NA","NA"
"bending_desc_02","0.73750000000000004","2.6238062211400703","1","1","1","1","1","NA","NA","NA","NA","NA","NA"
"bending_desc_02","0.75","2.6079281100813758","1","1","1","1","1","NA","NA","NA","NA","NA","NA"
"bending_desc_02","0.76249999999999996","2.5922162347785931","1","1","1","1","1","NA","NA","NA","NA","NA","NA"
"bending_desc_02","0.77500000000000002","2.5766097669049026","1","1","1","1","1","NA","NA","NA","NA","NA","NA"
"bending_desc_02","0.78749999999999998","2.5611205366475214","1","1","1","1","1","NA","NA","NA","NA","NA","NA"
"bending_desc_02","0.80000000000000004","2.5456688365110045","1","1","1","1","1","NA","NA","NA","NA","NA","NA"
"bending_desc_02","0.8125","2.5302216474127239","1","1","1","1","1","NA","NA","NA","NA","NA","NA"
"bending_desc_02","0.82499999999999996","2.5147121178918286","1","1","1","1","1","NA","NA","NA","NA","NA","NA"
"bending_desc_02","0.83750000000000002","2.4991118875336404","1","1","1","1","1","NA","NA","NA","NA","NA","NA"
"bending_desc_02","0.84999999999999998","2.4834981622682744","1","1","1","1","1","NA","NA","NA","NA","NA","NA"
"bending_desc_02","0.86250000000000004","2.4676984093515535","1","1","1","1","1","NA","NA","NA","NA","NA","NA"
"bending_desc_02","0.875","2.4516717225953673","1","1","1","1","1","NA","NA","NA","NA","NA","NA"
"bending_desc_02","0.88749999999999996","2.437139801216972","1","1","1","1","1","NA","NA","NA","NA","NA","NA"
"bending_desc_02","0.90000000000000002","2.421427230787236","1","1","1","1","1","NA","NA","NA","NA","NA","NA"
"bending_desc_04","0","7.0685636154572329","3","2","2","2","2","0.50000000036494008","0.49999999963505998","1.0000000014597603","-7.2988010080266008E-10","NA","NA"
"bending_desc_04","0.012500000000000001","7.0582831621465578","3","2","2","2","2","NA","NA","NA","NA","NA","NA"
"bending_desc_04","0.01375","7.0561764743244355","3","2","2","2","2","NA","NA","NA","NA","NA","NA"
"bending_desc_04","0.016250000000000001","7.0514251755418123","3","2","2","2","2","NA","NA","NA","NA","NA","NA"
"bending_desc_04","0.018749999999999999","7.0459897637043278","3","2","2","2","2","NA","NA","NA","NA","NA","NA"
"bending_desc_04","0.021250000000000002","7.0399121844638817","3","2","2","2","2","NA","NA","NA","NA","NA","NA"
"bending_desc_04","0.02375","7.0332358644294857","3","2","2","2","2","NA","NA","NA","NA","NA","NA"
"bending_desc_04","0.025000000000000001","7.02968690132625","3","2","2","2","2","NA","NA","NA","NA","NA","NA"
"bending_desc_04","0.026249999999999999","7.0260046904413151","3","2","2","2","2","NA","NA","NA","NA","NA","NA"
"bending_desc_04","0.028750000000000001","7.0182621346842637","3","2","2","2","2","NA","NA","NA","NA","NA","NA"
"bending_desc_04","0.03125","7.0100505670073119","3","2","2","2","2","NA","NA","NA","NA","NA","NA"
"bending_desc_04","0.033750000000000002","7.0014107605868308","3","2","2","2","2","NA","NA","NA","NA","NA","NA"
"bending_desc_04","0.036249999999999998","6.9923814425069626","3","2","2","2","2","NA","NA","NA","NA","NA","NA"
"bending_desc_04","0.037499999999999999","6.9877322313732986","3","2","2","2","2","NA","NA","NA","NA","NA","NA"
"bending_desc_04","0.03875","6.9829991601296824","3","2","2","2","2","NA","NA","NA","NA","NA","NA"
"bending_desc_04","0.041250000000000002","6.9732980523699917","3","2","2","2","2","NA","NA","NA","NA","NA","NA"
"bending_desc_04","0.043749999999999997","6.9633098931697681","3","2","2","2","2","NA","NA","NA","NA","NA","NA"
"bending_desc_04","0.046249999999999999","6.9530640996161255","3","2","2","2","2","NA","NA","NA","NA","NA","NA"
"bending_desc_04","0.048750000000000002","6.9425877318492306","3","2","2","2","2","NA","NA","NA","NA","NA","NA"
"bending_desc_04","0.050000000000000003","6.9372709354355226","3","2","2","2","2","NA","NA","NA","NA","NA","NA"
"bending_desc_04","0.051249999999999997","6.9319056811480042","3","2","2","2","2","NA","NA","NA","NA","NA","NA"
"bending_desc_04","0.053749999999999999","6.9210408215479227","3","2","2","2","2","NA","NA","NA","NA","NA","NA"
"bending_desc_04","0.056250000000000001","6.9100140217429216","3","2","2","2","2","NA","NA","NA","NA","NA","NA"
"bending_desc_04","0.058749999999999997","6.8988443874169905","3","2","2","2","2","NA","NA","NA","NA","NA","NA"
"bending_desc_04","0.061249999999999999","6.8875494307137748","3","2","2","2","2","NA","NA","NA","NA","NA","NA"
"bending_desc_04","0.0625","6.8818599895838846","3","2","2","2","2","NA","NA","NA","NA","NA","NA"
"bending_desc_04","0.063750000000000001","6.8761450792280874","3","2","2","2","2","NA","NA","NA","NA","NA","NA"
"bending_desc_04","0.066250000000000003","6.8646459735876126","3","2","2","2","2","NA","NA","NA","NA","NA","NA"
"bending_desc_04","0.068750000000000006","6.8530654313828352","3","2","2","2","2","NA","NA","NA","NA","NA","NA"
"bending_desc_04","0.071249999999999994","6.8414156859641526","3","2","2","2","2","NA","NA","NA","NA","NA","NA"
"bending_desc_04","0.073749999999999996","6.8297079414046955","3","2","2","2","2","NA","NA","NA","NA","NA","NA"
"bending_desc_04","0.074999999999999997","6.8238355693368176","3","2","2","2","2","NA","NA","NA","NA","NA","NA"
"bending_desc_04","0.087499999999999994","6.7646984271111128","3","2","2","2","2","NA","NA","NA","NA","NA","NA"
"bending_desc_04","0.088749999999999996","6.758764665659232","3","2","2","2","2","NA","NA","NA","NA","NA","NA"
"bending_desc_04","0.091249999999999998","6.7468972044587776","3","2","2","2","2","NA","NA","NA","NA","NA","NA"
"bending_desc_04","0.09375","6.7350347297105415","3","2","2","2","2","NA","NA","NA","NA","NA","NA"
"bending_desc_04","0.096250000000000002","6.72318275216064","3","2","2","2","2","NA","NA","NA","NA","NA","NA"
"bending_desc_04","0.098750000000000004","6.7113465016032023","3","2","2","2","2","NA","NA","NA","NA","NA","NA"
"bending_desc_04","0.10000000000000001","6.7054357896246728","3","2","2","2","2","NA","NA","NA","NA","NA","NA"
"bending_desc_04","0.10125000000000001","6.6995308082874709","3","2","2","2","2","NA","NA","NA","NA","NA","NA"
"bending_desc_04","0.10375","6.6877402779131065","3","2","2","2","2","NA","NA","NA","NA","NA","NA"
"bending_desc_04","0.10625","6.6759792791493933","3","2","2","2","2","NA","NA","NA","NA","NA","NA"
"bending_desc_04","0.10875","6.6642519704111045","3","2","2","2","2","NA","NA","NA","NA","NA","NA"
"bending_desc_04","0.11125","6.6525622657755399","3","2","2","2","2","NA","NA","NA","NA","NA","NA"
"bending_desc_04","0.1125","6.6467327413997328","3","2","2","2","2","NA","NA","NA","NA","NA","NA"
"bending_desc_04","0.11375","6.6409139836643787","3","2","2","2","2","NA","NA","NA","NA","NA","NA"
"bending_desc_04","0.11625000000000001","6.6293107854582205","3","2","2","2","2","NA","NA","NA","NA","NA","NA"
"bending_desc_04","0.11874999999999999","6.6177561499899102","3","2","2","2","2","NA","NA","NA","NA","NA","NA"
"bending_desc_04","0.12125","6.6062535594674952","3","2","2","2","2","NA","NA","NA","NA","NA","NA"
"bending_desc_04","0.12375","6.5948063444260576","3","2","2","2","2","NA","NA","NA","NA","NA","NA"
"bending_desc_04","0.125","6.5891045546058393","3","2","2","2","2","NA","NA","NA","NA","NA","NA"
"bending_desc_04","0.12625","6.5834177971070291","3","2","2","2","2","NA","NA","NA","NA","NA","NA"
"bending_desc_04","0.12875","6.5720911873312495","3","2","2","2","2","NA","NA","NA","NA","NA","NA"
"bending_desc_04","0.13125000000000001","6.5608297441077115","3","2","2","2","2","NA","NA","NA","NA","NA","NA"
"bending_desc_04","0.13375000000000001","6.5496366172331673","3","2","2","2","2","NA","NA","NA","NA","NA","NA"
"bending_desc_04","0.13625000000000001","6.5385151099661591","3","2","2","2","2","NA","NA","NA","NA","NA","NA"
"bending_desc_04","0.13750000000000001","6.532982198721017","3","2","2","2","2","NA","NA","NA","NA","NA","NA"
"bending_desc_04","0.13875000000000001","6.5274684260665197","3","2","2","2","2","NA","NA","NA","NA","NA","NA"
"bending_desc_04","0.14124999999999999","6.5164998144930761","3","2","2","2","2","NA","NA","NA","NA","NA","NA"
"bending_desc_04","0.14374999999999999","6.5056126660081759","3","2","2","2","2","NA","NA","NA","NA","NA","NA"
"bending_desc_04","0.14624999999999999","6.4948103276403621","3","2","2","2","2","NA","NA","NA","NA","NA","NA"
"bending_desc_04","0.14874999999999999","6.48409630684458","3","2","2","2","2","NA","NA","NA","NA","NA","NA"
"bending_desc_04","0.14999999999999999","6.4787734998041584","3","2","2","2","2","NA","NA","NA","NA","NA","NA"
"bending_desc_04","0.15125","6.4734741691244304","3","2","2","1","2","NA","NA","NA","NA","NA","NA"
"bending_desc_04","0.15375","6.4629476152607968","3","2","2","1","2","NA","NA","NA","NA","NA","NA"
"bending_desc_04","0.15625","6.4525204693954175","3","2","2","1","2","NA","NA","NA","NA","NA","NA"
"bending_desc_04","0.15875","6.442196687056887","3","2","2","1","2","NA","NA","NA","NA","NA","NA"
"bending_desc_04","0.16125","6.43198043712305","3","2","2","1","2","NA","NA","NA","NA","NA","NA"
"bending_desc_04","0.16250000000000001","6.4269139806933397","3","2","2","1","2","NA","NA","NA","NA","NA","NA"
"bending_desc_04","0.16375000000000001","6.4218760859430359","3","2","2","1","2","NA","NA","NA","NA","NA","NA"
"bending_desc_04","0.16625000000000001","6.4118880928850723","3","2","2","1","2","NA","NA","NA","NA","NA","NA"
"bending_desc_04","0.16875000000000001","6.4020212507681453","3","2","2","1","2","NA","NA","NA","NA","NA","NA"
"bending_desc_04","0.17125000000000001","6.3922805515821324","3","2","2","1","2","NA","NA","NA","NA","NA","NA"
"bending_desc_04","0.17374999999999999","6.3826712649557891","3","2","2","1","2","NA","NA","NA","NA","NA","NA"
"bending_desc_04","0.17499999999999999","6.3779176372904081","3","2","2","1","2","NA","NA","NA","NA","NA","NA"
"bending_desc_04","0.17624999999999999","6.3731989695674756","3","2","2","1","2","NA","NA","NA","NA","NA","NA"
"bending_desc_04","0.17874999999999999","6.363869610080668","3","2","2","1","2","NA","NA","NA","NA","NA","NA"
"bending_desc_04","0.18124999999999999","6.3546892788378555","3","2","2","1","2","NA","NA","NA","NA","NA","NA"
"bending_desc_04","0.18375","6.345664672507108","3","2","2","1","2","NA","NA","NA","NA","NA","NA"
"bending_desc_04","0.18625","6.3368027487977452","3","2","2","1","2","NA","NA","NA","NA","NA","NA"
"bending_desc_04","0.1875","6.3324350826108038","3","2","2","1","2","NA","NA","NA","NA","NA","NA"
"bending_desc_04","0.18875","6.3281108878659031","3","2","2","1","2","NA","NA","NA","NA","NA","NA"
"bending_desc_04","0.19125","6.3195970152348062","3","2","2","1","2","NA","NA","NA","NA","NA","NA"
"bending_desc_04","0.19375000000000001","6.3112694590830216","3","2","2","1","2","NA","NA","NA","NA","NA","NA"
"bending_desc_04","0.19625000000000001","6.3031370401622002","3","2","2","1","2","NA","NA","NA","NA","NA","NA"
"bending_desc_04","0.19875000000000001","6.2952091709568698","3","2","2","1","2","NA","NA","NA","NA","NA","NA"
"bending_desc_04","0.20000000000000001","6.2913250137078327","3","2","2","1","2","NA","NA","NA","NA","NA","NA"
"bending_desc_04","0.20125000000000001","6.2874958187320376","3","2","2","1","2","NA","NA","NA","NA","NA","NA"
"bending_desc_04","0.20374999999999999","6.2800076565847052","3","2","2","1","2","NA","NA","NA","NA","NA","NA"
"bending_desc_04","0.20624999999999999","6.2727557004207526","3","2","2","1","2","NA","NA","NA","NA","NA","NA"
"bending_desc_04","0.20874999999999999","6.2657519657988878","3","2","2","1","2","NA","NA","NA","NA","NA","NA"
"bending_desc_04","0.21124999999999999","6.2590088872034846","3","2","2","1","2","NA","NA","NA","NA","NA","NA"
"bending_desc_04","0.21249999999999999","6.2557392302738899","3","2","2","1","2","NA","NA","NA","NA","NA","NA"
"bending_desc_04","0.21375","6.2525397125034328","3","2","2","1","2","NA","NA","NA","NA","NA","NA"
"bending_desc_04","0.21625","6.2463582516856828","3","1","2","1","2","NA","NA","NA","NA","NA","NA"
"bending_desc_04","0.21875","6.2404791425107344","3","1","2","1","2","NA","NA","NA","NA","NA","NA"
"bending_desc_04","0.22125","6.2349176673313034","3","1","2","1","2","NA","NA","NA","NA","NA","NA"
"bending_desc_04","0.22375","6.229689695788629","3","1","2","1","2","NA","NA","NA","NA","NA","NA"
"bending_desc_04","0.22500000000000001","6.2272059084658871","3","1","2","1","2","NA","NA","NA","NA","NA","NA"
"bending_desc_04","0.22625000000000001","6.2248117649534098","3","1","2","1","2","NA","NA","NA","NA","NA","NA"
"bending_desc_04","0.22875000000000001","6.2203010196731165","3","1","2","1","2","NA","NA","NA","NA","NA","NA"
"bending_desc_04","0.23125000000000001","6.2161750266047404","3","1","2","1","2","NA","NA","NA","NA","NA","NA"
"bending_desc_04","0.23375000000000001","6.2124517826100396","3","1","2","1","2","NA","NA","NA","NA","NA","NA"
"bending_desc_04","0.23624999999999999","6.2091496588721427","3","1","2","1","2","NA","NA","NA","NA","NA","NA"
"bending_desc_04","0.23749999999999999","6.2076622867818765","3","1","2","1","2","NA","NA","NA","NA","NA","NA"
"bending_desc_04","0.23874999999999999","6.2062870669398835","3","1","2","1","2","NA","NA","NA","NA","NA","NA"
"bending_desc_04","0.24124999999999999","6.2038824823784831","3","1","2","1","2","NA","NA","NA","NA","NA","NA"
"bending_desc_04","0.24374999999999999","6.2019540777728359","3","1","2","1","2","NA","NA","NA","NA","NA","NA"
"bending_desc_04","0.24625","6.2005197676035451","3","1","2","1","2","NA","NA","NA","NA","NA","NA"
"bending_desc_04","0.24875","6.1995968074447418","3","1","2","1","2","NA","NA","NA","NA","NA","NA"
"bending_desc_04","0.25","6.1993322866039513","3","1","2","1","2","NA","NA","NA","NA","NA","NA"
"bending_desc_04","0.25124999999999997","6.1992016165118269","3","1","2","1","2","NA","NA","NA","NA","NA","NA"
"bending_desc_04","0.25374999999999998","6.1993494123861907","3","1","2","1","2","NA","NA","NA","NA","NA","NA"
"bending_desc_04","0.25624999999999998","6.2000542266865137","3","1","2","1","2","NA","NA","NA","NA","NA","NA"
"bending_desc_04","0.25874999999999998","6.2013284884568467","3","1","2","1","2","NA","NA","NA","NA","NA","NA"
"bending_desc_04","0.26124999999999998","6.2031826327417141","3","1","2","1","2","NA","NA","NA","NA","NA","NA"
"bending_desc_04","0.26250000000000001","6.2043300169501086","3","1","2","1","2","NA","NA","NA","NA","NA","NA"
"bending_desc_04","0.26374999999999998","6.2056254363819399","3","1","2","1","2","NA","NA","NA","NA","NA","NA"
"bending_desc_04","0.26624999999999999","6.2086633731319516","3","1","2","1","2","NA","NA","NA","NA","NA","NA"
"bending_desc_04","0.26874999999999999","6.2123005442742691","3","1","2","1","2","NA","NA","NA","NA","NA","NA"
"bending_desc_04","0.27124999999999999","6.2165388714089485","3","1","2","1","2","NA","NA","NA","NA","NA","NA"
"bending_desc_04","0.27374999999999999","6.2213780268701644","3","1","2","1","2","NA","NA","NA","NA","NA","NA"
"bending_desc_04","0.27500000000000002","6.2240220560014645","3","1","2","1","2","NA","NA","NA","NA","NA","NA"
"bending_desc_04","0.27625","6.2268150779986557","3","1","2","1","2","NA","NA","NA","NA","NA","NA"
"bending_desc_04","0.27875","6.2328450420665105","3","1","2","1","2","NA","NA","NA","NA","NA","NA"
"bending_desc_04","0.28125","6.2394609052445826","3","1","2","1","2","NA","NA","NA","NA","NA","NA"
"bending_desc_04","0.28375","6.2466533759038843","3","1","2","1","2","NA","NA","NA","NA","NA","NA"
"bending_desc_04","0.28625","6.2544116288225631","3","1","3","1","2","NA","NA","NA","NA","NA","NA"
"bending_desc_04","0.28749999999999998","6.2584991445230465","3","1","3","1","2","NA","NA","NA","NA","NA","NA"
"bending_desc_04","0.28875000000000001","6.2627232669058186","3","1","3","1","2","NA","NA","NA","NA","NA","NA"
"bending_desc_04","0.29125000000000001","6.2715744487944791","3","1","3","1","2","NA","NA","NA","NA","NA","NA"
"bending_desc_04","0.29375000000000001","6.2809502579125143","3","1","3","1","2","NA","NA","NA","NA","NA","NA"
"bending_desc_04","0.29625000000000001","6.2908349170491764","3","1","3","1","2","NA","NA","NA","NA","NA","NA"
"bending_desc_04","0.29875000000000002","6.3012117935275498","3","1","3","1","2","NA","NA","NA","NA","NA","NA"
"bending_desc_04","0.29999999999999999","6.3065796443015101","3","1","3","1","2","NA","NA","NA","NA","NA","NA"
"bending_desc_04","0.30125000000000002","6.3120640395489351","3","1","3","1","2","NA","NA","NA","NA","NA","NA"
"bending_desc_04","0.30375000000000002","6.323374357834326","3","1","3","1","2","NA","NA","NA","NA","NA","NA"
"bending_desc_04","0.30625000000000002","6.3351251524091969","3","1","3","1","2","NA","NA","NA","NA","NA","NA"
"bending_desc_04","0.30875000000000002","6.34729911236278","3","1","3","1","2","NA","NA","NA","NA","NA","NA"
"bending_desc_04","0.31125000000000003","6.3598786933570643","3","1","3","1","2","NA","NA","NA","NA","NA","NA"
"bending_desc_04","0.3125","6.3663152332471702","3","1","3","1","2","NA","NA","NA","NA","NA","NA"
"bending_desc_04","0.31374999999999997","6.3728467091770495","3","1","3","1","2","NA","NA","NA","NA","NA","NA"
"bending_desc_04","0.31624999999999998","6.386186233043885","3","1","3","1","2","NA","NA","NA","NA","NA","NA"
"bending_desc_04","0.31874999999999998","6.3998804551690753","3","1","3","1","2","NA","NA","NA","NA","NA","NA"
"bending_desc_04","0.32124999999999998","6.4139130510450659","3","1","3","1","2","NA","NA","NA","NA","NA","NA"
"bending_desc_04","0.32374999999999998","6.4282679638307503","3","1","3","1","2","NA","NA","NA","NA","NA","NA"
"bending_desc_04","0.32500000000000001","6.4355613128832561","3","1","3","1","2","NA","NA","NA","NA","NA","NA"
"bending_desc_04","0.32624999999999998","6.4429294266694166","3","1","3","1","2","NA","NA","NA","NA","NA","NA"
"bending_desc_04","0.32874999999999999","6.4578818422905986","3","1","3","1","2","NA","NA","NA","NA","NA","NA"
"bending_desc_04","0.33124999999999999","6.4731102015772928","3","1","3","1","2","NA","NA","NA","NA","NA","NA"
"bending_desc_04","0.33374999999999999","6.4885993152081571","3","1","3","1","3","NA","NA","NA","NA","NA","NA"
"bending_desc_04","0.33624999999999999","6.5043343864184164","3","1","3","1","3","NA","NA","NA","NA","NA","NA"
"bending_desc_04","0.33750000000000002","6.5122895204985749","3","1","3","1","3","NA","NA","NA","NA","NA","NA"
"bending_desc_04","0.33875","6.5203007105874038","3","1","3","1","3","NA","NA","NA","NA","NA","NA"
"bending_desc_04","0.34125","6.5364835913602946","3","1","3","1","3","NA","NA","NA","NA","NA","NA"
"bending_desc_04","0.34375","6.5528682273066847","3","1","3","1","3","NA","NA","NA","NA","NA","NA"
"bending_desc_04","0.34625","6.5694397783979745","3","1","3","1","3","NA","NA","NA","NA","NA","NA"
"bending_desc_04","0.34875","6.5861830629217923","3","1","3","1","3","NA","NA","NA","NA","NA","NA"
"bending_desc_04","0.34999999999999998","6.5946141624516779","3","1","3","1","3","NA","NA","NA","NA","NA","NA"
"bending_desc_04","0.35125000000000001","6.6030824479485606","3","1","3","1","3","NA","NA","NA","NA","NA","NA"
"bending_desc_04","0.35375000000000001","6.6201221873242568","3","1","3","1","3","NA","NA","NA","NA","NA","NA"
"bending_desc_04","0.35625000000000001","6.6372856901057018","3","1","3","1","3","NA","NA","NA","NA","NA","NA"
"bending_desc_04","0.35875000000000001","6.6545556362954414","3","1","3","1","3","NA","NA","NA","NA","NA","NA"
"bending_desc_04","0.36125000000000002","6.671913853201711","3","1","3","1","3","NA","NA","NA","NA","NA","NA"
"bending_desc_04","0.36249999999999999","6.6806201523755888","3","1","3","1","3","NA","NA","NA","NA","NA","NA"
"bending_desc_04","0.375","6.7680366681824449","3","1","3","1","3","NA","NA","NA","NA","NA","NA"
"bending_desc_04","0.38750000000000001","6.8537381793669283","3","1","3","1","3","NA","NA","NA","NA","NA","NA"
"bending_desc_04","0.40000000000000002","6.9330793044105317","3","1","3","1","3","NA","NA","NA","NA","NA","NA"
"bending_desc_04","0.41249999999999998","6.9994542161692719","3","1","3","1","3","NA","NA","NA","NA","NA","NA"
"bending_desc_04","0.41375000000000001","7.0050827874144392","3","1","3","1","3","NA","NA","NA","NA","NA","NA"
"bending_desc_04","0.41625000000000001","7.0156933423619181","3","1","3","1","3","NA","NA","NA","NA","NA","NA"
"bending_desc_04","0.41875000000000001","7.025399655637405","3","1","3","1","3","NA","NA","NA","NA","NA","NA"
"bending_desc_04","0.42125000000000001","7.0341584951191534","3","1","3","1","3","NA","NA","NA","NA","NA","NA"
"bending_desc_04","0.42375000000000002","7.0419359395177601","3","1","3","1","3","NA","NA","NA","NA","NA","NA"
"bending_desc_04","0.42499999999999999","7.0454489443964272","3","1","3","1","3","NA","NA","NA","NA","NA","NA"
"bending_desc_04","0.42625000000000002","7.048708902027883","3","1","3","1","3","NA","NA","NA","NA","NA","NA"
"bending_desc_04","0.42875000000000002","7.0544663051409264","3","1","3","1","3","NA","NA","NA","NA","NA","NA"
"bending_desc_04","0.43125000000000002","7.0592088636405652","3","1","3","1","3","NA","NA","NA","NA","NA","NA"
"bending_desc_04","0.43375000000000002","7.0629490361971152","3","1","3","1","3","NA","NA","NA","NA","NA","NA"
"bending_desc_04","0.43625000000000003","7.0657101774975812","3","1","3","1","3","NA","NA","NA","NA","NA","NA"
"bending_desc_04","0.4375","7.0667336351773109","3","1","3","1","3","NA","NA","NA","NA","NA","NA"
"bending_desc_04","0.43874999999999997","7.0675250843071442","3","1","3","1","3","NA","NA","NA","NA","NA","NA"
"bending_desc_04","0.44124999999999998","7.0684340127567191","3","1","3","1","3","NA","NA","NA","NA","NA","NA"
"bending_desc_04","0.44374999999999998","7.0684834017652136","3","1","3","1","3","NA","NA","NA","NA","NA","NA"
"bending_desc_04","0.44624999999999998","7.0677236731050908","3","1","3","1","3","NA","NA","NA","NA","NA","NA"
"bending_desc_04","0.44874999999999998","7.0662074776925206","3","1","3","1","3","NA","NA","NA","NA","NA","NA"
"bending_desc_04","0.45000000000000001","7.0651825505321693","3","1","3","1","3","NA","NA","NA","NA","NA","NA"
"bending_desc_04","0.45124999999999998","7.0639885841995049","3","1","3","1","3","NA","NA","NA","NA","NA","NA"
"bending_desc_04","0.45374999999999999","7.0611197364945948","3","1","3","1","3","NA","NA","NA","NA","NA","NA"
"bending_desc_04","0.45624999999999999","7.0576527848017161","3","1","3","1","3","NA","NA","NA","NA","NA","NA"
"bending_desc_04","0.45874999999999999","7.0536375056202747","3","1","3","1","3","NA","NA","NA","NA","NA","NA"
"bending_desc_04","0.46124999999999999","7.0491206952207985","3","1","3","1","3","NA","NA","NA","NA","NA","NA"
"bending_desc_04","0.46250000000000002","7.0466882031990457","3","1","3","1","3","NA","NA","NA","NA","NA","NA"
"bending_desc_04","0.46375","7.0441464785095684","3","1","3","1","3","NA","NA","NA","NA","NA","NA"
"bending_desc_04","0.46625","7.0387557906500673","3","1","3","1","3","NA","NA","NA","NA","NA","NA"
"bending_desc_04","0.46875","7.0329866199954241","3","1","3","1","3","NA","NA","NA","NA","NA","NA"
"bending_desc_04","0.47125","7.0268735057584015","3","1","3","1","3","NA","NA","NA","NA","NA","NA"
"bending_desc_04","0.47375","7.0204484399924869","3","1","3","1","3","NA","NA","NA","NA","NA","NA"
"bending_desc_04","0.47499999999999998","7.017128006161494","3","1","3","1","3","NA","NA","NA","NA","NA","NA"
"bending_desc_04","0.48749999999999999","6.980710587430444","3","1","3","1","3","NA","NA","NA","NA","NA","NA"
"bending_desc_04","0.5","6.9401095555424952","3","1","3","1","3","0.11165670541936433","0.88834329458063566","7.9560228043999999","0.77668658916127131","NA","NA"
"bending_desc_04","0.51249999999999996","6.8969768630719628","3","1","3","1","3","NA","NA","NA","NA","NA","NA"
"bending_desc_04","0.52500000000000002","6.8523435278386371","3","1","3","1","3","NA","NA","NA","NA","NA","NA"
"bending_desc_04","0.53749999999999998","6.8068690270354857","3","1","3","1","3","NA","NA","NA","NA","NA","NA"
"bending_desc_04","0.55000000000000004","6.760985576021258","3","1","3","1","3","NA","NA","NA","NA","NA","NA"
"bending_desc_04","0.5625","6.7149840505870522","3","1","3","1","3","NA","NA","NA","NA","NA","NA"
"bending_desc_04","0.57499999999999996","6.669064217299324","3","1","3","1","3","NA","NA","NA","NA","NA","NA"
"bending_desc_04","0.58750000000000002","6.6233640760321899","3","1","3","1","3","NA","NA","NA","NA","NA","NA"
"bending_desc_04","0.59999999999999998","6.5779822781941224","3","1","3","1","3","NA","NA","NA","NA","NA","NA"
"bending_desc_04","0.61250000000000004","6.5329872974481393","3","1","3","1","3","NA","NA","NA","NA","NA","NA"
"bending_desc_04","0.625","6.4884276561469614","3","1","3","1","3","NA","NA","NA","NA","NA","NA"
"bending_desc_04","0.63749999999999996","6.4443351826299731","3","1","3","1","3","NA","NA","NA","NA","NA","NA"
"bending_desc_04","0.65000000000000002","6.4007329726913449","3","1","3","1","3","NA","NA","NA","NA","NA","NA"
"bending_desc_04","0.66249999999999998","6.3576319315687684","3","1","3","1","3","NA","NA","NA","NA","NA","NA"
"bending_desc_04","0.67500000000000004","6.315037095410112","3","1","3","1","3","NA","NA","NA","NA","NA","NA"
"bending_desc_04","0.6875","6.2729483688071745","3","1","3","1","3","NA","NA","NA","NA","NA","NA"
"bending_desc_04","0.69999999999999996","6.2313580158857382","3","1","3","1","3","NA","NA","NA","NA","NA","NA"
"bending_desc_04","0.71250000000000002","6.1902577912522743","3","1","3","1","3","NA","NA","NA","NA","NA","NA"
"bending_desc_04","0.72499999999999998","6.14963124071385","3","1","3","1","3","NA","NA","NA","NA","NA","NA"
"bending_desc_04","0.73750000000000004","6.1094561082438572","3","1","3","1","3","NA","NA","NA","NA","NA","NA"
"bending_desc_04","0.75","6.0697073381777482","3","1","3","1","3","NA","NA","NA","NA","NA","NA"
"bending_desc_04","0.76249999999999996","6.0303587549433768","3","1","3","1","3","NA","NA","NA","NA","NA","NA"
"bending_desc_04","0.77500000000000002","5.9913788685923288","3","1","3","1","3","NA","NA","NA","NA","NA","NA"
"bending_desc_04","0.78749999999999998","5.9527263921883193","3","1","3","1","3","NA","NA","NA","NA","NA","NA"
"bending_desc_04","0.80000000000000004","5.9143729320242073","3","1","3","1","3","NA","NA","NA","NA","NA","NA"
"bending_desc_04","0.8125","5.8762616188705401","3","1","3","1","3","NA","NA","NA","NA","NA","NA"
"bending_desc_04","0.82499999999999996","5.8383583658507279","3","1","3","1","3","NA","NA","NA","NA","NA","NA"
"bending_desc_04","0.83750000000000002","5.8006377042968413","3","1","3","1","3","NA","NA","NA","NA","NA","NA"
"bending_desc_04","0.84999999999999998","5.7631236196140865","3","1","3","1","3","NA","NA","NA","NA","NA","NA"
"bending_desc_04","0.86250000000000004","5.7258785393341505","3","1","3","1","3","NA","NA","NA","NA","NA","NA"
"bending_desc_04","0.875","5.6889976258269606","3","1","3","1","3","NA","NA","NA","NA","NA","NA"
"bending_desc_04","0.88749999999999996","5.6528751842193561","3","1","3","1","3","NA","NA","NA","NA","NA","NA"
"bending_desc_04","0.90000000000000002","5.6179942587552434","3","1","3","1","3","0.048403270259644048","0.95159672974035592","19.659761099525216","0.90319345948071184","NA","NA"
